qg	qfocal	p_recent	n
GCA_011290585.1	focal	0.75	12
GCA_041878065.1	other	0.666666666666667	3
GCA_042863455.1	other	1	1
GCA_042863475.1	focal	0.4	5
GCA_042863555.1	other	0.5	4
GCA_042863575.1	other	0	2
GCA_042863655.1	other	0	5
GCA_042863675.1	other	0	3
GCA_042863745.1	other	0.666666666666667	3
GCA_042863875.1	other	0.666666666666667	3
GCA_042863885.1	other	0.333333333333333	3
GCA_042863945.1	other	0	2
GCA_042863975.1	other	0.5	2
GCA_042864025.1	other	0.5	4
GCA_042864035.1	other	0.333333333333333	6
GCA_042864075.1	other	0.666666666666667	3
GCA_042864115.1	other	0.333333333333333	3
GCA_042864145.1	focal	0.333333333333333	3
GCA_042864155.1	other	0.666666666666667	3
GCA_042864165.1	other	0	2
GCA_042864215.1	other	0	2
GCA_042864245.1	other	0	2
GCA_042864315.1	other	0	5
GCA_042864325.1	focal	0	4
GCA_042864335.1	other	0	3
GCA_042864415.1	other	0.166666666666667	6
GCA_042864435.1	other	0.333333333333333	3
GCA_042864455.1	other	0.333333333333333	3
GCA_042864465.1	other	0.666666666666667	3
GCA_042864535.1	other	0	6
GCA_042864575.1	other	0	4
GCA_042864595.1	other	0	3
GCA_042864635.1	other	0	2
GCA_042864655.1	other	0.75	4
GCA_042864675.1	other	0	5
GCA_042864695.1	other	0.5	2
GCA_042864715.1	other	0	2
GCA_042864755.1	other	0.142857142857143	7
GCA_042864775.1	other	0	2
GCA_042864795.1	other	0.75	4
GCA_042864815.1	other	0	2
GCA_042864845.1	other	0	2
GCA_042864875.1	other	0	3
GCA_042864935.1	other	0	2
GCA_042867595.1	other	0.666666666666667	3
GCA_042867645.1	other	0.75	4
GCA_042867785.1	other	0.75	4
GCA_042876035.1	other	0	3
GCA_042876095.1	other	0	5
GCA_042876155.1	other	0.333333333333333	3
GCA_042876175.1	other	0.75	4
GCA_042876285.1	other	0	3
GCA_042876325.1	other	0	3
GCA_042876445.1	other	0	2
GCA_042876465.1	other	0	2
GCA_042876485.1	other	0.333333333333333	3
GCA_042876505.1	other	0.333333333333333	3
GCA_042876545.1	other	0	5
GCA_042876585.1	other	0	5
GCA_042876595.1	other	0.333333333333333	3
GCA_042876625.1	other	0	4
GCA_042876645.1	focal	0.5	4
GCA_042876725.1	other	0.5	2
GCA_042876745.1	other	0.333333333333333	3
GCA_042876765.1	other	0	5
GCA_042876785.1	other	0	4
GCA_042876825.1	other	0.5	2
GCA_042876845.1	other	0	3
GCA_042876865.1	focal	0.6	5
GCA_042876885.1	focal	0	3
GCA_042876905.1	other	0.2	5
GCA_042876925.1	focal	0	5
GCA_042876945.1	other	0.666666666666667	3
GCA_042876965.1	other	0	1
GCA_042877005.1	other	1	2
GCA_042877025.1	other	0.5	4
GCA_042877065.1	other	0	5
GCA_042877085.1	other	0	3
GCA_042877105.1	focal	0	3
GCA_042877165.1	other	0.142857142857143	7
GCA_042877205.1	other	0	4
GCA_042877225.1	other	0	1
GCA_042877245.1	other	0.5	2
GCA_042877265.1	focal	0	5
GCA_042877285.1	other	0	4
GCA_042877305.1	other	0	2
GCA_042877325.1	other	0	2
GCA_042877345.1	focal	0.333333333333333	3
GCA_042877365.1	other	0	2
GCA_042877385.1	other	0	3
GCA_042877405.1	other	0.5	2
GCA_042877425.1	focal	0.4	5
GCA_042877465.1	focal	0.333333333333333	3
GCA_042877485.1	focal	0.333333333333333	3
GCA_042877505.1	other	0.2	5
GCA_042877525.1	other	0	4
GCA_042877545.1	other	0	4
GCA_042877565.1	other	0.166666666666667	6
GCA_042877585.1	other	0	4
GCA_042877605.1	focal	1	2
GCA_042877625.1	other	0.166666666666667	6
GCA_042877685.1	other	0.333333333333333	3
GCA_042877785.1	other	0.5	2
GCA_042877805.1	other	0	1
GCA_042877825.1	other	0.333333333333333	3
GCA_042877865.1	other	0	3
GCA_042877875.1	other	0	1
GCA_042877925.1	other	0	2
GCA_042877945.1	other	0.333333333333333	3
GCA_042877965.1	other	0.333333333333333	3
GCA_042878045.1	other	0.666666666666667	3
GCA_042878075.1	focal	0	3
GCA_042878125.1	focal	0.6	5
GCA_042878145.1	other	0.666666666666667	3
GCA_042878165.1	other	0.5	2
GCA_042878245.1	other	0.666666666666667	3
GCA_042878265.1	other	0.666666666666667	3
GCA_042878275.1	other	0.333333333333333	3
GCA_042878305.1	other	0.666666666666667	3
GCA_042878385.1	other	0.5	2
GCA_042878465.1	other	0.666666666666667	3
GCA_042878485.1	other	0	5
GCA_042878505.1	other	0.5	2
GCA_042878535.1	other	0.666666666666667	3
GCA_042878545.1	other	0	4
GCA_042878565.1	other	0.166666666666667	6
GCA_042878755.1	other	0.25	8
GCA_042882725.1	other	0.5	2
GCA_042882745.1	other	0.5	2
GCA_042882765.1	focal	0.833333333333333	6
GCA_042882805.1	other	0	4
GCA_042882825.1	other	0.666666666666667	3
GCA_042882865.1	focal	0	6
GCA_042882885.1	other	0.5	4
GCA_042882945.1	other	0	1
GCA_042883005.1	other	0.666666666666667	3
GCA_042883045.1	other	0	1
GCA_042883065.1	other	0.5	2
GCA_042883125.1	other	0.333333333333333	3
GCA_042883145.1	other	0	2
GCA_042883185.1	other	0	4
GCA_042883205.1	other	0.666666666666667	3
GCA_042883225.1	other	0.666666666666667	3
GCA_042883255.1	other	0	1
GCA_054325835.1	other	0	5
GCA_054326315.1	other	0.666666666666667	3
GCA_054326375.1	other	0.666666666666667	3
GCA_054326395.1	other	0.666666666666667	3
GCA_054326415.1	other	0	3
GCA_054326435.1	other	0.333333333333333	3
GCA_054326455.1	other	0	3
GCA_054326475.1	other	0.333333333333333	3
GCA_054326495.1	other	0	5
GCA_054326515.1	other	0	3
GCA_054326535.1	other	0	5
GCA_054326555.1	other	0	3
GCA_054326575.1	other	0	5
GCA_054326595.1	other	0	5
GCA_054326615.1	other	0	3
GCA_054326635.1	other	0	2
GCA_054326655.1	other	0	5
GCA_054326675.1	other	0	5
GCA_054326695.1	other	0	3
GCA_054326715.1	other	0	3
GCA_054326735.1	other	0	3
GCA_054326755.1	other	0	5
GCA_054326775.1	other	0	3
GCA_054326795.1	other	0	5
GCA_054326815.1	other	0	5
GCA_054326835.1	other	0	5
GCA_054330235.1	other	0	5
GCA_054330255.1	other	0	5
GCA_054330275.1	other	0.666666666666667	3
GCA_054330295.1	other	0	5
GCA_054330315.1	other	0	5
GCA_054330335.1	other	0	5
GCA_054330355.1	other	0.333333333333333	3
GCA_054330375.1	other	0	3
GCA_054330395.1	other	0	5
GCA_054330415.1	other	0	5
GCA_054330435.1	other	0.333333333333333	3
GCA_054330455.1	other	0	3
GCA_054330475.1	other	0	3
GCA_054330495.1	other	0	3
GCA_054330515.1	other	0	5
GCA_054330535.1	other	0.666666666666667	3
GCA_054330555.1	other	0	5
GCA_054330575.1	other	0	3
GCA_054330595.1	other	0	5
GCA_054330615.1	other	0	5
GCA_054330635.1	other	0.5	2
GCA_054330655.1	other	0	3
GCA_054330675.1	other	0.4	5
GCA_054330715.1	other	0	3
GCA_054330735.1	other	0	3
GCA_054330755.1	other	0	3
GCA_054330775.1	other	0	3
GCA_054330795.1	other	0	5
GCA_054330815.1	other	0	3
GCA_054330835.1	other	0	3
GCA_054330855.1	focal	0.571428571428571	7
GCA_054330875.1	other	0	3
GCA_054330895.1	other	0	3
GCA_054330915.1	other	0	2
GCA_054330935.1	other	0	5
GCA_054330955.1	other	0	3
GCA_054330975.1	other	0	5
GCA_054330995.1	other	0	5
GCA_054331015.1	other	0	3
GCA_054331035.1	other	0	3
GCA_054331055.1	other	0	4
GCA_054331075.1	other	0	3
GCA_054331095.1	other	0	5
GCA_054331115.1	other	0	3
GCA_054331135.1	other	0	5
GCA_054331155.1	other	0	2
GCA_054331175.1	other	0	3
GCA_054331195.1	other	0	3
GCA_054331215.1	other	0	3
GCA_054331235.1	other	0	3
GCA_054331255.1	focal	0	4
GCA_054331275.1	other	0	3
GCA_054331295.1	other	0	3
GCA_054331315.1	other	0	3
GCA_054331335.1	other	0	3
GCA_054331355.1	other	0	1
GCA_056467675.1	other	0	2
GCA_056467785.1	other	0	2
GCA_056467795.1	other	0	2
GCA_056467955.1	other	0	2
GCA_056468085.1	other	0	2
GCA_056468185.1	other	0	3
GCA_056468195.1	other	0	2
GCA_056468425.1	other	0	3
GCA_056468555.1	other	0	2
GCA_056468665.1	other	0	2
GCA_056468695.1	other	0	2
GCA_056468765.1	other	0	1
GCA_056468845.1	other	0	4
GCA_056468865.1	other	0	2
GCA_056468945.1	other	0	2
GCA_056468985.1	other	0	2
GCA_056469025.1	other	0	2
GCA_056469065.1	other	0	2
GCA_056469105.1	other	0	2
GCA_056469125.1	other	0	2
GCA_056469185.1	other	0	2
GCA_056469225.1	other	0.333333333333333	3
GCA_056469265.1	other	0	2
GCA_056469305.1	other	0	2
GCA_056469345.1	other	0	2
GCA_056469385.1	other	0	2
GCA_056469425.1	other	0	2
GCA_056469465.1	other	0	2
GCA_056469505.1	other	0	2
GCA_056469555.1	other	0	2
GCA_056469585.1	other	0	2
GCA_056469605.1	other	0.333333333333333	3
GCA_056469665.1	other	0	2
GCA_056469705.1	other	0	2
GCA_056469725.1	other	0	2
GCA_056469825.1	other	0	3
GCA_056469965.1	other	0	3
GCA_056470045.1	other	0	3
GCA_056470085.1	other	0	2
GCA_056470125.1	other	0	2
GCA_056470145.1	other	0	3
GCA_056470165.1	other	0	3
GCA_056470185.1	other	0	2
GCA_056470205.1	other	0	3
GCA_056470225.1	other	0	3
GCA_056470265.1	other	0	2
GCA_056470285.1	other	0	3
GCA_056471665.1	other	0.333333333333333	3
GCA_056471705.1	other	0	2
GCA_056471805.1	other	0	2
GCA_056471865.1	other	0	2
GCA_056471925.1	other	0	3
GCA_056471965.1	other	0	3
GCA_056472045.1	other	0	2
GCA_056472105.1	other	0	2
GCA_056472125.1	other	0	2
GCA_056472165.1	other	0	2
GCA_056472205.1	other	0	2
GCA_056472245.1	other	0	2
GCA_056472265.1	other	0	2
GCA_056472325.1	other	0	2
GCA_056472345.1	other	0.6	5
GCA_056472365.1	other	0	2
GCA_056472375.1	other	0	2
GCA_056472405.1	other	0	2
GCA_056472485.1	other	0	2
GCA_056472505.1	other	0	3
GCA_056472545.1	other	0	3
GCA_056472585.1	other	0	2
GCA_056472645.1	other	0	3
GCA_056472665.1	other	0	3
GCA_056472685.1	other	0	2
GCA_056472705.1	other	0	3
GCA_056472785.1	other	0	3
GCA_056472805.1	other	0	3
GCA_056472845.1	other	0	3
GCA_056472885.1	other	0	3
GCA_056472925.1	other	0	2
GCA_056472965.1	other	0	3
GCA_056473005.1	other	0	3
GCA_056473025.1	other	0	3
GCA_056473105.1	other	0	2
GCA_056473145.1	other	0	1
GCA_056473165.1	other	0	3
GCA_056473205.1	other	0	3
GCA_056473225.1	other	0	3
GCA_056473385.1	other	0	2
GCA_056473485.1	other	0	3
GCA_056473505.1	other	0	3
GCA_056473565.1	other	0	3
GCA_056473585.1	other	0	3
GCA_056473625.1	other	0	3
GCA_056475205.1	other	0	3
GCA_056475225.1	other	0	2
GCA_056475245.1	other	0	3
GCA_056475285.1	other	0	3
GCA_056475345.1	other	0	3
GCA_056475365.1	other	0	3
GCA_056475405.1	other	0	2
GCA_056475505.1	other	0	2
GCA_056475525.1	other	0	2
GCA_056475565.1	other	0	3
GCA_056475605.1	other	0	3
GCA_056475665.1	other	0	2
GCA_056475705.1	other	0	2
GCA_056475725.1	other	0	2
GCA_056475745.1	other	0	2
GCA_056475765.1	other	1	1
GCA_056475785.1	other	0	2
GCA_056475805.1	other	0	2
GCA_056475865.1	other	0	2
GCA_056475885.1	other	0	2
GCA_056475905.1	other	0	2
GCA_056475925.1	other	0	2
GCA_056475945.1	other	0	2
GCA_056475965.1	other	0	3
GCA_056475985.1	other	0	2
GCA_056476025.1	other	0	2
GCA_056476045.1	other	0	3
GCA_056476085.1	other	0	2
GCA_056476125.1	other	0	3
GCA_056476145.1	other	0	3
GCA_056476165.1	other	0	2
GCA_056476225.1	other	0	3
GCA_056476245.1	other	0	3
GCA_056476265.1	other	0	3
GCA_056476305.1	other	0	3
GCA_056476485.1	other	0	2
GCF_000006785.2	other	0.411764705882353	34
GCF_000007285.1	other	0.985714285714286	140
GCF_000007425.1	other	0.857142857142857	7
GCF_000009385.1	other	0.483870967741936	62
GCF_000011285.1	other	0.75	8
GCF_000011665.1	other	0.979591836734694	98
GCF_000011765.3	other	0.605263157894737	76
GCF_000012165.2	other	0.75	16
GCF_000013485.1	other	0.96875	64
GCF_000013505.1	other	0.666666666666667	6
GCF_000013545.1	other	0.916666666666667	48
GCF_000018125.1	other	0.333333333333333	18
GCF_000146715.1	focal	1	1
GCF_000167435.2	other	0.8	10
GCF_000230295.1	other	0.932432432432432	148
GCF_000250905.1	other	0.714285714285714	28
GCF_000250925.1	other	0.714285714285714	28
GCF_000275625.1	other	0.956521739130435	69
GCF_000290575.1	other	0	3
GCF_000290595.1	other	0	3
GCF_000307535.1	other	0.566666666666667	60
GCF_000349925.2	other	0.633333333333333	60
GCF_000422045.1	other	0.818181818181818	22
GCF_000629625.1	other	0	2
GCF_000629645.1	other	0.96875	64
GCF_000629665.1	other	0.857142857142857	7
GCF_000629685.1	other	0.782608695652174	46
GCF_000629705.1	other	0.647058823529412	34
GCF_000629725.1	other	0	2
GCF_000629745.1	other	0.936170212765957	47
GCF_000629765.1	other	0	2
GCF_000629785.1	other	0.710526315789474	76
GCF_000629805.1	other	0.75	4
GCF_000629825.1	other	0.75	8
GCF_000629845.1	other	0	2
GCF_000629865.1	other	0.947368421052632	38
GCF_000629885.1	other	0.947368421052632	57
GCF_000629905.1	other	0.947368421052632	57
GCF_000629925.1	other	0.923076923076923	39
GCF_000629945.1	other	0.75	8
GCF_000629965.1	other	0.947368421052632	38
GCF_000629985.1	other	0.565217391304348	46
GCF_000630005.1	other	0.75	8
GCF_000630025.1	other	0.96875	64
GCF_000630045.1	other	0.950819672131147	61
GCF_000630065.1	other	0.96	50
GCF_000630085.1	other	0.75	8
GCF_000630105.1	other	0.981132075471698	53
GCF_000630125.1	other	0.934782608695652	46
GCF_000630145.1	other	0.943396226415094	53
GCF_000630165.1	other	0.950819672131147	61
GCF_000630185.1	other	0.5	4
GCF_000630205.1	other	0.956521739130435	69
GCF_000630225.1	other	0.5	4
GCF_000630245.1	other	0.975	80
GCF_000630265.1	other	0.5	20
GCF_000630285.1	other	0.75	4
GCF_000630305.1	other	0.950819672131147	61
GCF_000630325.1	other	0.75	4
GCF_000630345.1	other	1	64
GCF_000630365.1	other	0.947368421052632	38
GCF_000630385.1	other	0.903225806451613	31
GCF_000630405.1	other	0.652173913043478	46
GCF_000630425.1	other	0.948275862068965	58
GCF_000630445.1	other	0	2
GCF_000630465.1	other	0.926829268292683	41
GCF_000630485.1	other	0.941176470588235	34
GCF_000630505.1	other	0.96	50
GCF_000630525.1	other	0.75	4
GCF_000630545.1	other	0	2
GCF_000630565.1	other	0.697368421052632	76
GCF_000630585.1	other	0.903225806451613	31
GCF_000630605.1	other	0	2
GCF_000630625.1	other	0.930232558139535	43
GCF_000630645.1	other	0.934782608695652	46
GCF_000630665.1	other	0.962962962962963	54
GCF_000630685.1	other	0.857142857142857	7
GCF_000630705.1	other	0.96875	64
GCF_000630725.1	other	0.75	8
GCF_000630745.1	other	0.975	80
GCF_000630765.1	other	0.5	60
GCF_000630785.1	other	0.75	4
GCF_000630805.1	other	0	2
GCF_000630825.1	other	0.75	4
GCF_000630845.1	other	0	2
GCF_000630865.1	other	0	2
GCF_000630885.1	other	0.96	50
GCF_000630905.1	other	0.947368421052632	38
GCF_000630925.1	other	0.75	4
GCF_000630945.1	other	0.552631578947369	76
GCF_000630965.1	other	0.75	8
GCF_000630985.1	other	0.75	4
GCF_000631005.1	other	0.5	4
GCF_000631025.1	other	0.75	4
GCF_000631045.1	other	0.75	8
GCF_000631065.1	other	0.75	8
GCF_000631085.1	other	0.75	4
GCF_000631105.1	other	0	2
GCF_000631125.1	other	0	2
GCF_000631145.1	other	0.6	5
GCF_000631165.1	other	0.666666666666667	6
GCF_000631185.1	other	0.75	4
GCF_000631205.1	other	0.666666666666667	9
GCF_000631225.1	other	0	2
GCF_000631245.1	other	0.75	4
GCF_000631265.1	other	0.6	5
GCF_000631285.1	other	0	2
GCF_000631305.1	other	0.75	4
GCF_000631325.1	other	0.5	4
GCF_000631345.1	other	0.666666666666667	6
GCF_000631365.1	other	0.5	4
GCF_000631385.1	other	0.618421052631579	76
GCF_000631405.1	other	0.733333333333333	60
GCF_000631425.1	other	0.566666666666667	60
GCF_000631445.1	other	0.947368421052632	38
GCF_000631465.1	other	0.896551724137931	29
GCF_000631485.1	other	0.948275862068965	58
GCF_000631505.1	other	0.950819672131147	61
GCF_000631525.1	other	0.926829268292683	41
GCF_000631545.1	other	0.947368421052632	38
GCF_000631565.1	other	0.950819672131147	61
GCF_000631585.1	other	0.926829268292683	41
GCF_000631605.1	other	0.96	50
GCF_000631625.1	other	0.975	80
GCF_000631645.1	other	0.96	50
GCF_000631665.1	other	0.967032967032967	91
GCF_000631685.1	other	0.947368421052632	38
GCF_000631705.1	other	0.979591836734694	98
GCF_000631725.1	other	0.936170212765957	47
GCF_000631745.1	other	0.96	50
GCF_000631765.1	other	0.947368421052632	38
GCF_000631785.1	other	0.947368421052632	57
GCF_000631805.1	other	0.926829268292683	41
GCF_000631825.1	other	0.947368421052632	38
GCF_000631845.1	other	0.962025316455696	79
GCF_000631865.1	other	0.794117647058824	34
GCF_000631885.1	other	1	38
GCF_000631905.1	other	0.947368421052632	38
GCF_000631925.1	other	0.950819672131147	61
GCF_000631945.1	other	0.938775510204082	49
GCF_000732345.1	other	0.8	5
GCF_000732425.1	other	1	2
GCF_000743015.1	other	0.571428571428571	14
GCF_000756485.1	focal	1	488
GCF_000767505.1	other	0.333333333333333	6
GCF_000772185.1	other	0.941176470588235	51
GCF_000772245.1	focal	1	6
GCF_000993765.1	other	0.416666666666667	24
GCF_001014285.1	other	0.985294117647059	136
GCF_001014305.1	other	0.985294117647059	136
GCF_001019635.1	focal	0.897637795275591	127
GCF_001019675.1	focal	0.956521739130435	46
GCF_001019695.1	other	0	4
GCF_001020185.2	other	0.75	16
GCF_001021955.1	other	0.565217391304348	46
GCF_001023495.1	other	0.875	16
GCF_001039695.1	other	0.941176470588235	34
GCF_001051095.1	other	0.652173913043478	46
GCF_001182065.1	other	1	7
GCF_001267805.1	focal	1	47
GCF_001267845.1	other	0.875	16
GCF_001535565.1	other	0.75	16
GCF_001547715.1	other	0.985294117647059	136
GCF_001547835.1	other	0.478260869565217	46
GCF_001559175.2	other	0.657894736842105	76
GCF_001620285.1	other	0.945205479452055	146
GCF_001635895.1	other	1	34
GCF_001635935.1	other	1	30
GCF_001635975.1	other	0.941176470588235	34
GCF_001638275.1	other	0	1
GCF_001638385.1	other	0	1
GCF_001638435.1	other	0	2
GCF_001638485.1	other	0	1
GCF_001638545.1	other	0	2
GCF_001638575.1	other	0	1
GCF_001638585.1	other	0.5	2
GCF_001638645.1	other	0	2
GCF_001638675.1	focal	0	2
GCF_001638745.1	focal	0.333333333333333	3
GCF_001638775.1	other	0	1
GCF_001638805.1	other	0.333333333333333	6
GCF_001638845.2	focal	0.538461538461538	13
GCF_001638865.1	other	0	2
GCF_001638895.1	other	0	3
GCF_001640945.2	focal	0.538461538461538	52
GCF_001678885.1	other	0.777777777777778	18
GCF_001937265.1	other	0.666666666666667	3
GCF_001982765.1	other	0.75	4
GCF_001982785.1	other	0	1
GCF_002016575.1	other	0	1
GCF_002055535.1	other	0.416666666666667	24
GCF_002163545.1	other	0.2	10
GCF_002236855.1	other	1	8
GCF_002236875.1	other	1	8
GCF_002238295.1	other	0.25	8
GCF_002238315.1	other	0.4	10
GCF_002250265.1	other	1	158
GCF_002250335.1	other	1	32
GCF_002355175.1	other	0.75	8
GCF_002355815.1	other	0.941176470588235	34
GCF_002557755.1	other	1	16
GCF_002844355.1	other	1	7
GCF_003025365.1	other	0.980392156862745	51
GCF_003203475.1	other	0.153846153846154	13
GCF_003352145.1	other	1	99
GCF_003609955.1	other	0.75	8
GCF_003640605.1	other	1	50
GCF_003698205.1	other	1	8
GCF_003812645.1	other	0.975	80
GCF_003812725.1	other	0.75	8
GCF_003814365.1	other	0.92	50
GCF_003814385.1	other	0.92	50
GCF_004010855.1	other	0.875	16
GCF_004010875.1	other	0.75	16
GCF_004123995.1	other	0.875	16
GCF_004124015.1	focal	0.909090909090909	33
GCF_004124075.1	other	0.666666666666667	6
GCF_004124115.1	other	0.666666666666667	6
GCF_004124135.1	focal	0.933333333333333	60
GCF_004135875.1	other	0.4	10
GCF_004153945.1	other	0.75	16
GCF_004153965.1	other	0.75	16
GCF_004153985.1	other	0.75	16
GCF_004154005.1	other	0.75	16
GCF_004154025.1	other	0.75	16
GCF_004154045.1	other	0.75	16
GCF_004154065.1	other	0.75	16
GCF_004154085.1	other	0.75	16
GCF_004154105.1	other	0.75	16
GCF_004154125.1	other	0.75	16
GCF_004154145.1	other	0.75	16
GCF_004154165.1	other	0.875	16
GCF_004154185.1	other	0.75	16
GCF_004154205.1	other	0.75	16
GCF_004154225.1	other	0.75	16
GCF_004154245.1	other	0.75	16
GCF_004154265.1	other	0.75	16
GCF_004154285.1	other	0.875	16
GCF_004154305.1	other	0.75	16
GCF_004154325.1	other	0.75	16
GCF_004154345.1	other	0.75	16
GCF_004154365.1	other	0.75	16
GCF_004154385.1	other	0.75	16
GCF_004154405.1	other	0.75	16
GCF_004193935.1	other	0.941176470588235	51
GCF_005160445.1	focal	0.909090909090909	11
GCF_005160565.1	other	0.153846153846154	13
GCF_005160785.1	focal	0.384615384615385	13
GCF_005160925.1	focal	0.888888888888889	54
GCF_005161125.1	focal	0.4	15
GCF_005161325.1	focal	0.333333333333333	3
GCF_005161465.1	focal	0.923076923076923	26
GCF_005161605.1	focal	0.964028776978417	139
GCF_005161825.1	focal	0.956521739130435	46
GCF_005161985.1	other	0.333333333333333	6
GCF_005162245.1	focal	0.428571428571429	7
GCF_005162405.1	focal	0.142857142857143	7
GCF_005162565.1	other	0.25	8
GCF_005162725.1	focal	0.444444444444444	9
GCF_005162865.1	other	0.166666666666667	12
GCF_005163085.1	focal	0.631578947368421	19
GCF_005163245.1	other	0.625	16
GCF_005163385.1	focal	0.2	10
GCF_005163565.1	other	0.833333333333333	24
GCF_005163705.1	focal	0.857142857142857	7
GCF_005163865.1	focal	0.666666666666667	6
GCF_005164025.1	focal	0.714285714285714	7
GCF_005164305.1	focal	0.2	10
GCF_005164585.1	other	0.695652173913044	46
GCF_005164705.1	focal	0.5	4
GCF_005164885.1	focal	0.5	8
GCF_005165045.1	focal	0	4
GCF_005165265.1	focal	0.888888888888889	18
GCF_005165385.1	focal	0	8
GCF_005222545.1	focal	0.8	25
GCF_005472355.1	other	0	3
GCF_005472365.1	other	0	4
GCF_005472375.1	other	0	4
GCF_005472385.1	other	0.25	4
GCF_005472395.1	other	0.25	4
GCF_005472455.1	other	0.333333333333333	3
GCF_005472465.1	other	0.166666666666667	6
GCF_005472475.1	other	0	4
GCF_005472595.1	other	0	4
GCF_005472615.1	other	0	2
GCF_006364235.1	other	0.416666666666667	24
GCF_006740645.1	other	0.565217391304348	46
GCF_008694005.1	other	0.962962962962963	81
GCF_009664495.1	other	0.941176470588235	34
GCF_009738475.1	other	0.941176470588235	34
GCF_009738495.1	other	0.941176470588235	34
GCF_009832845.1	focal	0.75	12
GCF_010499515.1	other	0.571428571428571	7
GCF_010499535.1	other	0.956521739130435	23
GCF_010499565.1	other	0.666666666666667	9
GCF_011290565.1	focal	0.846153846153846	13
GCF_012572265.1	other	0.782608695652174	46
GCF_013306985.1	other	1	48
GCF_014191695.1	other	0.75	8
GCF_014191835.1	other	0.833333333333333	24
GCF_014192005.1	focal	0.88	25
GCF_014192175.1	other	0.941176470588235	34
GCF_014218015.1	focal	0.89922480620155	129
GCF_014218035.1	focal	0.89922480620155	129
GCF_014495925.1	other	0.92	50
GCF_014495945.1	other	0.916666666666667	48
GCF_014495965.1	other	0.92	50
GCF_014495985.1	other	0.92	50
GCF_016126835.1	focal	0.95	80
GCF_016549335.1	other	0.451612903225806	62
GCF_016549355.1	other	0.451612903225806	62
GCF_016549375.1	other	0.451612903225806	62
GCF_017132795.1	other	0.966666666666667	60
GCF_017638465.1	focal	1	97
GCF_018140985.1	other	0.987951807228916	83
GCF_019335345.1	other	0.5	4
GCF_019335455.1	other	0.5	4
GCF_019335505.1	other	0	2
GCF_019335565.1	other	0	2
GCF_019335615.1	other	0	2
GCF_019335665.1	other	0	2
GCF_019335725.1	other	0	2
GCF_019335745.1	other	0	2
GCF_019335765.1	other	0	2
GCF_019335785.1	other	0	2
GCF_019335805.1	other	0	2
GCF_019335835.1	other	0	2
GCF_019335845.1	other	0	2
GCF_019335885.1	other	0	2
GCF_019335895.1	other	0	2
GCF_019335925.1	other	0	2
GCF_019335945.1	other	0	2
GCF_019335965.1	other	0	2
GCF_019335985.1	other	0	2
GCF_019335995.1	other	0	2
GCF_019336025.1	other	0	2
GCF_019336045.1	other	0	2
GCF_019336065.1	other	0	2
GCF_019336085.1	other	0	2
GCF_019336105.1	other	0	2
GCF_019336125.1	other	0	2
GCF_019342845.1	other	0.92	50
GCF_019342865.1	other	0.92	50
GCF_019342885.1	other	0.92	50
GCF_019342905.1	other	0.916666666666667	48
GCF_019342925.1	other	0.916666666666667	48
GCF_019342945.1	other	0.92	50
GCF_019342965.1	other	0.92	50
GCF_019342985.1	other	0.92	50
GCF_019343005.1	other	0.909090909090909	44
GCF_019343025.1	other	0.92	50
GCF_019343045.1	other	0.916666666666667	48
GCF_019343065.1	other	0.928571428571429	56
GCF_019343085.1	other	0.916666666666667	48
GCF_019448315.1	other	0.92	50
GCF_020826915.1	focal	0.2	10
GCF_020826935.1	focal	1	78
GCF_020826955.1	focal	0.571428571428571	14
GCF_020826975.1	other	1	84
GCF_020826995.1	focal	0.833333333333333	12
GCF_020827015.1	focal	0.966666666666667	60
GCF_020827035.1	focal	0	9
GCF_020827055.1	focal	0.761904761904762	42
GCF_020827075.1	focal	0.736842105263158	19
GCF_020827095.1	other	0.929824561403509	57
GCF_020827115.1	other	0.978723404255319	94
GCF_020827135.1	focal	0	10
GCF_022494495.1	other	0.857142857142857	7
GCF_022869605.1	other	0.416666666666667	24
GCF_022869745.1	other	0	2
GCF_023278205.1	focal	0.875	24
GCF_023380045.1	other	0.894736842105263	57
GCF_026781925.1	other	0.25	8
GCF_026782005.1	other	0	1
GCF_028215815.1	focal	0.846153846153846	13
GCF_028370195.1	other	0.739130434782609	46
GCF_028370215.1	other	0.733333333333333	60
GCF_028370235.1	other	0.966666666666667	60
GCF_028370255.1	other	0.956521739130435	46
GCF_028370275.1	other	0.733333333333333	60
GCF_028370295.1	other	0.966666666666667	60
GCF_028867825.1	other	0.857142857142857	7
GCF_029280505.1	focal	0.818181818181818	11
GCF_029280565.1	focal	0.846153846153846	13
GCF_029280585.1	focal	0.75	12
GCF_029323775.1	focal	0.818181818181818	11
GCF_029637645.1	other	0.461538461538462	26
GCF_033008475.1	focal	1	4
GCF_034430055.1	other	0.521739130434783	46
GCF_034432415.1	other	0.521739130434783	46
GCF_034433155.1	other	0.5	4
GCF_034434355.2	other	0.521739130434783	46
GCF_034436135.1	other	0.521739130434783	46
GCF_035918415.1	focal	0.953488372093023	86
GCF_035918435.1	focal	1	2
GCF_035918455.1	focal	1	4
GCF_035918475.1	other	0.25	16
GCF_035918495.1	other	0.375	16
GCF_035918515.1	focal	0.375	16
GCF_035918535.1	focal	0.944444444444444	144
GCF_035918555.1	focal	0.833333333333333	24
GCF_035918575.1	focal	1	14
GCF_035918595.1	focal	0.375	16
GCF_036347555.1	focal	0.947916666666667	192
GCF_036347575.1	other	0.695652173913044	46
GCF_036347595.1	focal	0.939759036144578	166
GCF_036353505.2	other	0.975	80
GCF_037095955.1	other	0.5	4
GCF_038385395.1	other	0.789473684210526	76
GCF_038386885.1	other	0.789473684210526	76
GCF_039619335.1	focal	0	4
GCF_039889385.1	other	0.5	4
GCF_041071735.1	other	0.666666666666667	6
GCF_041071845.1	other	0.666666666666667	6
GCF_041072535.1	other	0.666666666666667	6
GCF_041072725.1	other	0.666666666666667	6
GCF_041072835.1	other	0.666666666666667	6
GCF_041073745.1	other	0.666666666666667	6
GCF_041074175.1	other	0.666666666666667	6
GCF_041074825.1	other	0.75	8
GCF_041429915.1	other	0.916666666666667	72
GCF_041429935.1	other	0.984126984126984	63
GCF_041429945.1	other	0.739130434782609	46
GCF_041430105.1	other	0.6	60
GCF_041430535.1	focal	0.785714285714286	56
GCF_041430835.1	other	0.608695652173913	46
GCF_041430845.1	other	0.978723404255319	141
GCF_041430855.1	other	0.875	16
GCF_041430865.1	other	0.953846153846154	65
GCF_041430875.1	other	0.75	16
GCF_041430885.1	other	0.68421052631579	76
GCF_041430895.1	other	0.75	16
GCF_041430915.1	other	0.875	16
GCF_041430925.1	other	0.875	16
GCF_041430935.1	other	0.941176470588235	34
GCF_041430945.1	other	0.875	16
GCF_041430955.1	other	0.941176470588235	34
GCF_041430965.1	other	0.666666666666667	6
GCF_041430975.1	other	0.6	60
GCF_041430985.1	other	0.916666666666667	48
GCF_041430995.1	other	0.975	80
GCF_041431005.1	other	0.666666666666667	6
GCF_041431015.1	other	0.941176470588235	34
GCF_041431025.1	other	0.916666666666667	48
GCF_041431035.1	other	0.857142857142857	7
GCF_041431045.1	other	0.565217391304348	46
GCF_041431055.1	other	0.941176470588235	34
GCF_041447185.1	other	0.565217391304348	46
GCF_041877915.1	other	0.333333333333333	3
GCF_041877945.1	focal	0.333333333333333	3
GCF_041877955.1	other	0.333333333333333	3
GCF_041878015.1	other	0	4
GCF_041878035.1	other	0	3
GCF_041878045.1	other	0.333333333333333	3
GCF_041878115.1	focal	0	2
GCF_041878155.1	other	0.8	5
GCF_041878175.1	focal	0.5	2
GCF_041878195.1	other	1	1
GCF_041878235.1	other	0.333333333333333	3
GCF_041878295.1	other	0	2
GCF_041878315.1	other	1	1
GCF_041878335.1	other	0	1
GCF_041878365.1	other	0	1
GCF_041900675.1	other	0.5	2
GCF_041900755.1	other	0.25	4
GCF_041900775.1	other	0	4
GCF_041900805.1	other	0	2
GCF_041900815.1	other	0	4
GCF_041900875.1	focal	1	3
GCF_041900915.1	other	0	1
GCF_041900945.1	focal	0.5	4
GCF_041900995.1	focal	0.5	2
GCF_041901015.1	other	0.285714285714286	7
GCF_041901025.1	other	0	1
GCF_041901035.1	other	0	6
GCF_041901045.1	other	0	5
GCF_041901115.1	other	0	1
GCF_041901165.1	other	0	3
GCF_041901195.1	other	0	3
GCF_041901205.1	other	0.166666666666667	6
GCF_041901295.1	other	0	4
GCF_041901305.1	other	0	2
GCF_041901325.1	other	0.333333333333333	3
GCF_041901595.1	focal	0.5	4
GCF_041901915.1	other	1	1
GCF_041901935.1	focal	0.5	2
GCF_041901985.1	focal	0.5	4
GCF_043231225.1	other	0.411764705882353	34
GCF_044360805.1	focal	0.956521739130435	46
GCF_044360885.1	other	0.979591836734694	49
GCF_044360945.1	other	0.979591836734694	49
GCF_044361035.1	other	0.979591836734694	49
GCF_044361075.1	other	0.972972972972973	37
GCF_044361135.1	other	0.972972972972973	37
GCF_044361195.1	other	0.972972972972973	37
GCF_044361245.1	other	0.956521739130435	69
GCF_044361285.1	other	1	62
GCF_045290375.1	other	0.789473684210526	76
GCF_045290385.1	other	0.789473684210526	76
GCF_045290395.1	other	0.789473684210526	76
GCF_045290405.1	other	0.789473684210526	76
GCF_045290435.1	other	0.789473684210526	76
GCF_045290545.1	other	0.789473684210526	76
GCF_045290615.1	other	0.789473684210526	76
GCF_045290705.1	other	0.789473684210526	76
GCF_045290995.1	other	0.973684210526316	76
GCF_045345455.1	focal	0.96551724137931	29
GCF_045690025.1	other	0.789473684210526	76
GCF_045690035.1	other	0.789473684210526	76
GCF_045690045.1	other	0.789473684210526	76
GCF_045690055.1	other	0.787234042553192	94
GCF_045690075.1	other	0.973684210526316	76
GCF_045690085.1	other	0.763157894736842	76
GCF_045690095.1	other	0.789473684210526	76
GCF_045690105.1	other	0.973684210526316	76
GCF_045690125.1	other	0.894736842105263	76
GCF_045690155.1	other	0.808510638297872	94
GCF_045690165.1	other	0.789473684210526	76
GCF_045690175.1	other	0.789473684210526	76
GCF_045690185.1	other	0.789473684210526	76
GCF_045690195.1	other	0.766666666666667	60
GCF_045690205.1	other	0.789473684210526	76
GCF_045690215.1	other	0.789473684210526	76
GCF_045690235.1	other	0.866666666666667	60
GCF_045690245.1	other	0.973684210526316	76
GCF_045690255.1	other	0.973684210526316	76
GCF_045690265.1	other	0.973684210526316	76
GCF_047370775.1	other	0	2
GCF_050823505.1	focal	0.166666666666667	6
GCF_050823515.1	other	0.521739130434783	46
GCF_050824005.1	other	0.4	10
GCF_051042455.1	other	0	2
GCF_051042475.1	other	0.333333333333333	3
GCF_051042495.1	other	0.5	2
GCF_051042515.1	other	0	2
GCF_051042535.1	other	1	1
GCF_051042555.1	other	0.666666666666667	3
GCF_051042575.1	other	0	2
GCF_051042595.1	other	0.166666666666667	6
GCF_051042615.1	other	0	3
GCF_051042635.1	other	0.333333333333333	3
GCF_051042655.1	other	0	4
GCF_051042675.1	other	0.333333333333333	3
GCF_051530245.1	other	0.973684210526316	76
GCF_051530255.1	other	0.789473684210526	76
GCF_051530265.1	other	0.789473684210526	76
GCF_051530275.1	other	0.973684210526316	76
GCF_051530295.1	other	0.789473684210526	76
GCF_051530305.1	other	0.789473684210526	76
GCF_051530315.1	other	0.894736842105263	76
GCF_051530325.1	other	0.695652173913044	46
GCF_051530385.1	other	0.956521739130435	46
GCF_051628085.1	other	0.419354838709677	62
GCF_054574805.1	other	0.222222222222222	9
GCF_054574825.1	other	0	5
GCF_054574835.1	other	0	4
GCF_054574865.1	other	0.333333333333333	3
GCF_054574875.1	other	0.333333333333333	3
GCF_054574905.1	focal	0	2
GCF_054574925.1	other	0	5
GCF_054574945.1	other	0	3
GCF_054574955.1	other	0.333333333333333	3
GCF_054574985.1	other	0.181818181818182	11
GCF_054574995.1	other	0	3
GCF_054575025.1	other	0	3
GCF_054575045.1	other	0	1
GCF_054575055.1	other	0.666666666666667	3
GCF_054575085.1	other	0.75	4
GCF_054575105.1	other	0.333333333333333	3
GCF_054575115.1	other	0.333333333333333	3
GCF_054575145.1	other	0.333333333333333	3
GCF_054575165.1	other	0	1
GCF_054575175.1	other	0	2
GCF_054575205.1	other	0	3
GCF_054575265.1	other	0	3
GCF_054575285.1	focal	0	2
GCF_054575305.1	other	0	3
GCF_054575325.1	other	0	3
GCF_054575345.1	other	0	5
GCF_054575365.1	other	0.125	8
GCF_054575375.1	other	0.333333333333333	3
GCF_054575405.1	other	0	3
GCF_054575425.1	other	0	3
GCF_054575445.1	other	0.333333333333333	3
GCF_054575465.1	other	0.333333333333333	3
GCF_054575485.1	other	0.333333333333333	3
GCF_054575505.1	other	0	2
GCF_054575525.1	other	0	3
GCF_054575545.1	other	0	3
GCF_054575565.1	other	0.333333333333333	3
GCF_054575585.1	other	0.666666666666667	3
GCF_054575605.1	other	0	1
GCF_054575625.1	other	0	3
GCF_054575645.1	other	0.333333333333333	3
GCF_054575665.1	other	0	2
GCF_054575685.1	other	0	3
GCF_054575705.1	other	0	3
GCF_054575725.1	other	0.333333333333333	3
GCF_054575745.1	other	0	5
GCF_054575765.1	other	0.75	4
GCF_054575785.1	other	0	3
GCF_054575805.1	other	0.333333333333333	3
GCF_054575825.1	other	0.333333333333333	3
GCF_054575845.1	other	0	3
GCF_054575865.1	other	0	3
GCF_054575885.1	other	0	5
GCF_054575905.1	other	0	3
GCF_054575925.1	other	0	5
GCF_054575945.1	other	0.333333333333333	3
GCF_054575965.1	other	0	3
GCF_054575985.1	other	0	5
GCF_054576005.1	other	0	5
GCF_054576025.1	other	0.4	5
GCF_054576045.1	other	0.666666666666667	3
GCF_054576065.1	other	0	3
GCF_054576085.1	other	0	3
GCF_054576105.1	other	0	3
GCF_054576125.1	other	0	5
GCF_054576145.1	other	0.5	2
GCF_054576165.1	other	0	5
GCF_054576185.1	other	0.5	2
GCF_054576205.1	other	0	5
GCF_054576225.1	other	0	3
GCF_054576245.1	other	0	3
GCF_054576265.1	other	0	3
GCF_054576285.1	other	0	5
GCF_054576305.1	other	0	5
GCF_054576325.1	other	0	5
GCF_054576345.1	other	0	3
GCF_054576365.1	other	0.5	2
GCF_054576385.1	other	0	5
GCF_054576405.1	other	0	5
GCF_054576445.1	other	0	3
GCF_054576465.1	other	0	3
GCF_054576485.1	other	0	3
GCF_054576505.1	other	0	5
GCF_054576525.1	other	0	3
GCF_054576545.1	other	0	2
GCF_054576605.1	other	0.333333333333333	3
GCF_054576645.1	focal	0	4
GCF_054576665.1	other	0.333333333333333	3
GCF_054576685.1	other	1	3
GCF_054576705.1	other	0.5	4
GCF_054576785.1	other	0	5
GCF_054576805.1	focal	1	2
GCF_054576825.1	other	0	3
GCF_054576865.1	other	1	1
GCF_054576885.1	other	0.333333333333333	3
GCF_054576905.1	focal	0	1
GCF_054576925.1	other	0.5	2
GCF_054576945.1	other	0	5
GCF_054576965.1	other	0	3
GCF_054576985.1	other	0	3
GCF_054577005.1	other	0	5
GCF_054577025.1	other	0.333333333333333	3
GCF_054577045.1	other	0.666666666666667	3
GCF_054577065.1	other	0	5
GCF_054577085.1	other	0	1
GCF_054577105.1	other	0.333333333333333	3
GCF_054577145.1	other	0	3
GCF_054577165.1	other	0	5
GCF_054577185.1	other	0.666666666666667	3
GCF_054577205.1	other	0.5	2
GCF_054577225.1	other	0.666666666666667	3
GCF_054577245.1	other	0	3
GCF_054577265.1	other	0.666666666666667	3
GCF_054577285.1	other	0	3
GCF_054577305.1	other	1	1
GCF_054577325.1	other	0	3
GCF_054577345.1	other	0.5	2
GCF_054577365.1	other	0	1
GCF_054577385.1	other	0	3
GCF_054577405.1	other	0.5	2
GCF_054577505.1	other	0.333333333333333	3
GCF_054577525.1	other	0.333333333333333	3
GCF_054577545.1	other	0	5
GCF_054577565.1	other	0.333333333333333	3
GCF_054577585.1	other	0.333333333333333	3
GCF_054577605.1	other	0.333333333333333	3
GCF_054577625.1	other	0.333333333333333	3
GCF_054577685.1	other	0.333333333333333	3
GCF_054577705.1	other	0	2
GCF_054577725.1	other	0	2
GCF_054577745.1	focal	0.5	4
GCF_054577765.1	other	0	1
GCF_054577785.1	other	0.333333333333333	3
GCF_054577805.1	other	0.333333333333333	3
GCF_054577825.1	other	0	5
GCF_054577845.1	other	0	2
GCF_054577865.1	other	0	3
GCF_054577885.1	other	0	3
GCF_054577905.1	other	0	5
GCF_054577925.1	other	0	5
GCF_054577945.1	other	0.333333333333333	3
GCF_054577965.1	other	0	3
GCF_054577985.1	other	0	3
GCF_054578005.1	other	0	3
GCF_054578025.1	other	0	5
GCF_054578045.1	other	0	5
GCF_054578065.1	other	0	3
GCF_054578085.1	other	0	5
GCF_054578105.1	other	0.666666666666667	3
GCF_054578125.1	other	0	5
GCF_054578145.1	other	0.333333333333333	3
GCF_054578165.1	other	0.666666666666667	3
GCF_054578185.1	other	0.333333333333333	3
GCF_054578205.1	other	0	2
GCF_054578225.1	other	0	3
GCF_054578245.1	other	0	2
GCF_054578265.1	other	0.333333333333333	3
GCF_054578305.1	other	0.333333333333333	3
GCF_054578325.1	other	0.5	2
GCF_054578345.1	other	0	5
GCF_054578365.1	other	0	3
GCF_054578385.1	other	0	5
GCF_054578405.1	other	0	3
GCF_054578425.1	other	0	1
GCF_054578445.1	other	0.333333333333333	3
GCF_054578465.1	focal	0	4
GCF_054578485.1	other	0.333333333333333	3
GCF_054578505.1	other	0.333333333333333	3
GCF_054578525.1	other	0.333333333333333	3
GCF_054578545.1	other	0	4
GCF_054578565.1	other	0.333333333333333	3
GCF_054578585.1	other	0.333333333333333	3
GCF_054578605.1	focal	0	2
GCF_054578625.1	other	0	3
GCF_054578645.1	other	0.4	5
GCF_054578665.1	other	0.75	4
GCF_054578685.1	other	0	2
GCF_054578705.1	other	0	5
GCF_054578725.1	other	0.333333333333333	3
GCF_054578745.1	other	0.333333333333333	3
GCF_054578765.1	other	0.333333333333333	3
GCF_054578785.1	other	1	1
GCF_054578805.1	other	0.333333333333333	3
GCF_054578825.1	other	0	5
GCF_054578845.1	other	0	3
GCF_054578865.1	other	0	1
GCF_054578885.1	focal	0	4
GCF_054578905.1	other	0	2
GCF_054578925.1	other	0.4	5
GCF_054578935.1	other	0	3
GCF_054578985.1	other	0	5
GCF_054579005.1	other	0	5
GCF_054579025.1	other	0	3
GCF_054579045.1	other	0	5
GCF_054579065.1	other	0	5
GCF_054579085.1	other	0	3
GCF_054579105.1	other	0	1
GCF_054579125.1	other	0	3
GCF_054579145.1	focal	0.25	4
GCF_054579165.1	other	0	2
GCF_054579185.1	other	0.125	8
GCF_054579205.1	other	0	3
GCF_054579225.1	other	0	5
GCF_054579245.1	other	0	3
GCF_054579265.1	other	0.285714285714286	7
GCF_054579285.1	other	0	3
GCF_054579305.1	other	0	5
GCF_054579325.1	other	0	3
GCF_054579345.1	other	0	5
GCF_054579365.1	other	0.333333333333333	3
GCF_054579405.1	other	0.333333333333333	3
GCF_054579425.1	focal	0	8
GCF_054579445.1	other	0.333333333333333	3
GCF_054579465.1	other	0	3
GCF_054579485.1	other	0.333333333333333	3
GCF_054579505.1	other	0	1
GCF_054579525.1	other	0	3
GCF_054579545.1	other	0	3
GCF_054579565.1	other	0	3
GCF_054579585.1	other	0.333333333333333	3
GCF_054579605.1	other	0	2
GCF_054579625.1	other	0	3
GCF_054579645.1	other	0	3
GCF_054579665.1	other	0	3
GCF_054579685.1	other	0	5
GCF_054579705.1	other	0	3
GCF_054579725.1	other	0	1
GCF_054579745.1	other	0.125	8
GCF_054579765.1	other	0.4	5
GCF_054579785.1	other	1	1
GCF_054579805.1	other	0.333333333333333	3
GCF_054579825.1	other	0.333333333333333	3
GCF_054579845.1	focal	0	2
GCF_054579865.1	other	0	3
GCF_054579885.1	other	0	3
GCF_054579905.1	other	0	3
GCF_054579925.1	other	0	2
GCF_054579945.1	other	0	3
GCF_054579965.1	other	0	3
GCF_054579985.1	other	0	2
GCF_054580005.1	other	0	5
GCF_054580025.1	other	0	3
GCF_054580045.1	other	0	3
GCF_054580065.1	other	0.5	2
GCF_054580085.1	other	0	3
GCF_054580105.1	other	0	5
GCF_054580125.1	other	0.333333333333333	3
GCF_054580165.1	other	0	3
GCF_054580185.1	other	0.333333333333333	3
GCF_054580205.1	other	0.75	4
GCF_054580225.1	other	0	3
GCF_054580245.1	other	1	3
GCF_054580265.1	other	0	5
GCF_054580285.1	other	0.666666666666667	3
GCF_054580305.1	other	0.5	2
GCF_054580325.1	other	0	3
GCF_054580345.1	other	0	2
GCF_054580365.1	other	0.1	10
GCF_054580385.1	other	0	2
GCF_054580405.1	other	0	2
GCF_054580425.1	other	0	3
GCF_054580445.1	other	0.5	2
GCF_054580465.1	other	0	4
GCF_054580505.1	other	0.666666666666667	3
GCF_054580525.1	other	0	3
GCF_054580545.1	other	0.333333333333333	3
GCF_054580565.1	other	0	2
GCF_054580585.1	other	0.333333333333333	3
GCF_054580605.1	other	0.5	2
GCF_054580625.1	other	0	1
GCF_054580645.1	other	0	1
GCF_054580665.1	other	0.666666666666667	3
GCF_054580685.1	other	0	4
GCF_054580705.1	other	0.333333333333333	3
GCF_054580725.1	other	0	5
GCF_054580745.1	other	0.333333333333333	3
GCF_054580765.1	other	0	2
GCF_054580785.1	other	0.333333333333333	3
GCF_054580805.1	other	0	3
GCF_054580825.1	other	1	1
GCF_054580845.1	other	0	5
GCF_054580855.1	focal	0.5	4
GCF_054580885.1	other	0.333333333333333	3
GCF_054580905.1	other	0	3
GCF_054580925.1	other	0	3
GCF_054580945.1	other	0.333333333333333	3
GCF_054580965.1	other	0	1
GCF_054580985.1	focal	0	3
GCF_054581005.1	other	0	3
GCF_054581025.1	other	0	5
GCF_054581045.1	other	0	4
GCF_054581065.1	other	0	3
GCF_054581085.1	other	0	3
GCF_054581105.1	other	0.333333333333333	3
GCF_054581125.1	other	0.333333333333333	3
GCF_054581145.1	other	1	1
GCF_054581165.1	other	0	3
GCF_054581185.1	focal	0	2
GCF_054581205.1	other	0	5
GCF_054581225.1	other	0	5
GCF_054581245.1	other	0	2
GCF_054581265.1	other	1	1
GCF_054581285.1	other	0	4
GCF_054581305.1	other	0	4
GCF_054581325.1	other	0	5
GCF_054581345.1	other	0	2
GCF_054581365.1	focal	0	4
GCF_054581385.1	focal	0	4
GCF_054581425.1	other	0	5
GCF_054581445.1	focal	0	2
GCF_054581465.1	other	0	5
GCF_054581485.1	focal	0.5	4
GCF_054581505.1	other	0	1
GCF_054581545.1	other	0	5
GCF_054581565.1	other	0.333333333333333	3
GCF_054581585.1	focal	0	5
GCF_054581605.1	other	0	5
GCF_054581625.1	other	0	3
GCF_054581665.1	other	0.666666666666667	3
GCF_054581685.1	other	0	3
GCF_054581705.1	other	0	5
GCF_054581725.1	other	0	5
GCF_054581745.1	other	0.222222222222222	9
GCF_054581765.1	other	0.2	10
GCF_054581785.1	other	0	3
GCF_054581805.1	other	0.5	4
GCF_054581825.1	other	1	2
GCF_054581845.1	other	0	2
GCF_054581885.1	other	0	3
GCF_054581905.1	other	0	5
GCF_054581925.1	other	1	1
GCF_054581945.1	other	1	1
GCF_054581965.1	other	0.333333333333333	3
GCF_054581985.1	other	0	3
GCF_054582005.1	other	0	3
GCF_054582025.1	other	0	5
GCF_054582065.1	other	0	5
GCF_054582085.1	other	0	5
GCF_054582105.1	other	0	5
GCF_054582125.1	other	0.333333333333333	3
GCF_054582145.1	other	0	3
GCF_054582165.1	other	0	3
GCF_054582185.1	other	0.5	2
GCF_054582205.1	other	0.4	5
GCF_054582225.1	other	0.4	5
GCF_054582245.1	other	0.333333333333333	3
GCF_054582265.1	other	0	3
GCF_054582285.1	other	0.5	2
GCF_054582305.1	other	0.333333333333333	3
GCF_054582325.1	other	0	5
GCF_054582345.1	other	0.333333333333333	3
GCF_054582365.1	other	0.333333333333333	3
GCF_054582385.1	other	0.333333333333333	3
GCF_054582405.1	other	0	3
GCF_054582425.1	other	0.333333333333333	3
GCF_054582445.1	other	0	3
GCF_054582465.1	other	0.5	2
GCF_054582485.1	other	0	2
GCF_054582505.1	other	0	1
GCF_054582525.1	other	0	5
GCF_054582545.1	other	0	5
GCF_054582565.1	other	0	3
GCF_054582585.1	other	0	5
GCF_054582625.1	other	0	5
GCF_054582645.1	other	0	3
GCF_054582665.1	other	0.333333333333333	3
GCF_054582685.1	other	0	5
GCF_055179635.1	other	1	34
GCF_055361585.1	other	0.983783783783784	185
GCF_055361625.1	other	0.958333333333333	48
GCF_055361645.1	other	0.941176470588235	34
GCF_055361665.1	other	0.941176470588235	34
GCF_055361685.1	other	0.521739130434783	46
GCF_055361705.1	other	0.941176470588235	34
GCF_055361715.1	other	0.941176470588235	34
GCF_055361745.1	other	0.92	50
GCF_055361765.1	other	0.974789915966386	119
GCF_055361785.1	other	0.75	16
GCF_055361805.1	other	0.710526315789474	76
GCF_055361825.1	other	0.941176470588235	34
GCF_055361835.1	other	0.941176470588235	34
GCF_055361865.1	other	0.914285714285714	35
GCF_055361885.1	other	0.958333333333333	48
GCF_055361905.1	other	0.950819672131147	61
GCF_055361925.1	other	0.695652173913044	46
GCF_055361945.1	other	0.695652173913044	46
GCF_055361965.1	other	0.680851063829787	94
GCF_055361975.1	other	0.974789915966386	119
GCF_055362005.1	other	0.941176470588235	34
GCF_055362025.1	other	0.950819672131147	61
GCF_055362045.1	other	0.96875	64
GCF_055362065.1	other	0.958333333333333	48
GCF_055362085.1	other	0.941176470588235	34
GCF_055362105.1	other	0.92	50
GCF_055362125.1	other	0.956043956043956	91
GCF_055378755.1	other	0.75	8
GCF_056154105.1	other	0	3
GCF_056154185.1	other	0	3
GCF_056154285.1	other	0	3
GCF_056154405.1	other	0	3
GCF_056154445.1	other	0	2
GCF_056154465.1	other	0	3
GCF_056154565.1	other	0	2
GCF_056154585.1	other	0	2
GCF_056154805.1	other	0	2
GCF_056154825.1	other	0	3
GCF_056154885.1	other	0	3
GCF_056155025.1	other	0	3
GCF_056156905.1	other	0	2
GCF_056156925.1	other	0	3
GCF_056157025.1	other	0	2
GCF_056157065.1	other	0	1
GCF_056157085.1	other	0	2
GCF_056157105.1	other	0.25	4
GCF_056157125.1	other	0.25	4
GCF_056157165.1	other	0	2
GCF_056157185.1	other	0	2
GCF_056157205.1	other	0	2
GCF_056157225.1	other	1	1
GCF_056157245.1	other	0.25	4
GCF_056157265.1	other	0	2
GCF_056157285.1	other	0.5	6
GCF_056157305.1	other	0	3
GCF_056157325.1	other	0	2
GCF_056157345.1	other	0	2
GCF_056157365.1	other	0.5	6
GCF_056157385.1	other	1	1
GCF_056157425.1	other	0.333333333333333	3
GCF_056157465.1	other	0.571428571428571	7
GCF_056157525.1	other	0.5	6
GCF_056157565.1	other	0.5	6
GCF_056157585.1	other	0.5	6
GCF_056157605.1	other	1	1
GCF_056157625.1	other	0	1
GCF_056157645.1	other	0.5	6
GCF_056157665.1	other	0	2
GCF_056157685.1	other	0.5	6
GCF_056431965.1	focal	0.25	4
GCF_056673365.1	other	0	4
GCF_056673385.1	other	0	4
GCF_056673395.1	other	0	4
GCF_056673405.1	other	0	4
GCF_056673415.1	other	0	4
GCF_056673425.1	other	0	4
GCF_056673435.1	other	0	4
GCF_056673445.1	other	0	4
GCF_056673455.1	other	0	4
GCF_056673465.1	other	0	4
GCF_056673475.1	other	0	4
GCF_056673485.1	other	0	4
GCF_056673495.1	other	0	4
GCF_056673505.1	other	0	4
GCF_056673515.1	other	0	4
GCF_056673525.1	other	0	4
GCF_056673545.1	other	0	4
GCF_056673555.1	focal	0.533333333333333	15
GCF_056673565.1	other	0	4
GCF_056673575.1	other	0	4
GCF_056673585.1	other	0	4
GCF_056673595.1	other	0	4
GCF_056673605.1	other	0	4
GCF_056673615.1	other	0	4
GCF_056673625.1	other	0	4
GCF_056673635.1	other	0	4
GCF_056673645.1	other	0	4
GCF_056673655.1	other	0	4
GCF_056673665.1	other	0	4
GCF_056673675.1	other	0.333333333333333	6
GCF_056673685.1	other	0.950819672131147	61
GCF_056673695.1	other	0.956521739130435	69
GCF_056673705.1	other	0.921875	64
GCF_056673715.1	other	0.986666666666667	75
GCF_056673725.1	other	0.983606557377049	61
GCF_056673735.1	other	0.941176470588235	51
GCF_056673745.1	other	0.941176470588235	51
GCF_056673755.1	other	0.941176470588235	51
GCF_056673765.1	other	0.941176470588235	51
GCF_056673775.1	other	0	4
GCF_056673785.1	other	0	4
GCF_056673795.1	other	0.987012987012987	77
GCF_056673805.1	other	0	4
GCF_056673815.1	other	0.945945945945946	74
GCF_056673825.1	other	0.981818181818182	55
GCF_056673835.1	other	0	4
GCF_900087555.1	other	0	2
GCF_900231885.1	other	0.666666666666667	3
GCF_900474455.1	focal	1	142
GCF_900474645.1	other	1	86
GCF_900474745.1	focal	1	46
GCF_900474765.1	focal	0.5	8
GCF_900474775.1	other	0.4	10
GCF_900474795.1	other	1	86
GCF_900474815.1	other	0.972972972972973	37
GCF_900474825.1	focal	1	6
GCF_900474835.1	focal	0.333333333333333	12
GCF_900474845.1	other	0.75	8
GCF_900474855.1	focal	0.909090909090909	66
GCF_900474865.1	focal	0.833333333333333	24
GCF_900474885.1	focal	0.983193277310924	119
GCF_900474895.1	other	0.571428571428571	14
GCF_900474915.1	focal	0.91304347826087	46
GCF_900474925.1	focal	0.555555555555556	9
GCF_900474935.1	focal	0.588235294117647	17
GCF_900474945.1	focal	1	26
GCF_900474955.1	other	1	86
GCF_900474965.1	focal	1	34
GCF_900474975.1	other	0.25	8
GCF_900474995.1	other	1	86
GCF_900475005.1	focal	0.966666666666667	60
GCF_900475035.1	other	0.333333333333333	6
GCF_900475075.1	focal	1	145
GCF_900475085.1	focal	0.571428571428571	7
GCF_900475105.1	focal	0.980891719745223	314
GCF_900475115.1	other	0.875	48
GCF_900475135.1	other	1	34
GCF_900475155.1	focal	0.4	10
GCF_900475165.1	focal	1	394
GCF_900475175.1	other	0.333333333333333	6
GCF_900475335.1	other	0.666666666666667	6
GCF_900475425.1	other	0	6
GCF_900475455.1	focal	1	6
GCF_900475465.1	focal	0.6	10
GCF_900475475.1	focal	0.6	10
GCF_900475485.1	other	0.985714285714286	140
GCF_900475495.1	other	0.666666666666667	6
GCF_900475525.1	focal	0.785714285714286	56
GCF_900475565.1	focal	0	4
GCF_900475615.1	focal	1	47
GCF_900475645.1	other	0.945454545454546	55
GCF_900475705.1	focal	0.785714285714286	28
GCF_900475765.1	other	0.894736842105263	57
GCF_900475785.1	other	0.714285714285714	28
GCF_900475795.1	focal	0.958333333333333	144
GCF_900475865.1	focal	0.875	16
GCF_900475875.1	focal	0.75	8
GCF_900475925.1	focal	0.966666666666667	60
GCF_900475955.1	other	0.941176470588235	34
GCF_900475985.1	other	0.4	10
GCF_900476015.1	other	0.478260869565217	46
GCF_900608505.1	other	0.521739130434783	46
GCF_900619585.1	other	0.521739130434783	46
GCF_900619595.1	other	0.862068965517241	58
GCF_900619605.1	other	0.608695652173913	46
GCF_900619615.1	other	1	6
GCF_900619625.1	other	0.75	16
GCF_900636485.1	focal	0.975757575757576	165
GCF_900636725.1	other	0.992753623188406	276
GCF_900982655.1	focal	0	2
GCF_900982675.1	focal	0	1
GCF_900982695.1	focal	1	1
GCF_900982705.1	focal	0.333333333333333	3
GCF_900982745.1	focal	0	2
GCF_900982765.1	focal	0.75	4
GCF_900982775.1	focal	0.333333333333333	3
GCF_900982805.1	focal	0	1
GCF_900982825.1	focal	0	2
GCF_900982855.1	focal	0	3
GCF_900982865.1	focal	0.5	6
GCF_900982875.1	focal	0	2
GCF_900982895.1	focal	0.6	5
GCF_900982905.1	other	1	2
GCF_900982925.1	focal	0.333333333333333	3
GCF_900982935.1	focal	0.666666666666667	3
GCF_900982965.1	focal	0.6	5
GCF_900982975.1	focal	0	4
GCF_900982985.1	focal	0.25	4
GCF_900982995.1	focal	1	1
GCF_900983015.1	other	0.125	8
GCF_900983025.1	focal	0	3
GCF_900983035.1	focal	0.333333333333333	3
GCF_900983045.1	focal	0	2
GCF_900983055.1	focal	0.333333333333333	3
GCF_900983085.1	focal	0	2
GCF_900983095.1	focal	0	1
GCF_900983105.1	other	1	1
GCF_900983115.1	focal	0.6	5
GCF_900983155.1	focal	0.166666666666667	6
GCF_900983205.1	focal	0	2
GCF_900983225.1	focal	0	1
GCF_900983245.1	other	1	3
GCF_900983255.1	focal	0	3
GCF_900983265.1	focal	0.5	4
GCF_900983275.1	other	0	2
GCF_900983285.1	other	0	1
GCF_900983295.1	other	0	2
GCF_900983305.1	focal	0.5	2
GCF_900983315.1	other	0	3
GCF_900983325.1	focal	0	3
GCF_900983335.1	other	0	3
GCF_900983365.1	other	0.166666666666667	6
GCF_900983375.1	focal	0	1
GCF_900983415.1	focal	0	1
GCF_900983435.1	focal	0.333333333333333	3
GCF_900983455.1	focal	0	1
GCF_900983465.1	other	0.5	8
GCF_900983505.1	other	0.642857142857143	14
GCF_900983525.1	focal	0.545454545454545	11
GCF_900983545.1	focal	0	3
GCF_900983555.1	other	0.5	4
GCF_900983575.1	focal	0	5
GCF_900983635.1	focal	0.4	5
GCF_900983675.1	focal	0	3
GCF_900983685.1	focal	0.444444444444444	9
GCF_900983695.1	focal	0.4	5
GCF_900983815.1	focal	0.625	8
GCF_900983845.1	focal	0.8	5
GCF_900983855.1	other	0	5
GCF_900983865.1	other	0.875	16
GCF_900983885.1	other	0.5	2
GCF_900983895.1	other	0.153846153846154	13
GCF_900983915.1	other	0	4
GCF_900983945.1	focal	0.25	8
GCF_900984005.1	other	0.333333333333333	6
GCF_900984015.1	other	0.818181818181818	11
GCF_900984035.1	other	0.2	5
GCF_900984045.1	other	1	1
GCF_900984055.1	other	0.153846153846154	13
GCF_900984085.1	other	0.875	16
GCF_900984105.1	other	0.25	8
GCF_900984125.1	other	0.2	5
GCF_900984135.1	other	0.222222222222222	9
GCF_900984145.1	focal	0.5	4
GCF_900984155.1	other	0.818181818181818	11
GCF_900984165.1	focal	0.833333333333333	6
GCF_900984175.1	other	0.4	5
GCF_900984205.1	focal	0.636363636363636	11
GCF_900984225.1	focal	0.5	14
GCF_900984285.1	other	0.153846153846154	13
GCF_900984305.1	other	0.153846153846154	13
GCF_900984315.1	other	0.181818181818182	11
GCF_900984335.1	other	0.166666666666667	6
GCF_900984355.1	other	0	8
GCF_900984375.1	focal	0.285714285714286	7
GCF_900984385.1	other	0.5	2
GCF_900984395.1	other	0.75	8
GCF_900984405.1	focal	0	2
GCF_900984415.1	focal	1	3
GCF_900984445.1	focal	0.416666666666667	12
GCF_900984495.1	focal	0.333333333333333	3
GCF_900984515.1	other	0.166666666666667	6
GCF_900984525.1	other	0.777777777777778	9
GCF_900984535.1	other	0.181818181818182	11
GCF_900984555.1	other	0.4	5
GCF_900984575.1	focal	0.6	5
GCF_900984585.1	other	0	3
GCF_900984615.1	focal	0.666666666666667	6
GCF_900984635.1	other	0.5	2
GCF_900984655.1	other	0.25	8
GCF_900984665.1	other	1	3
GCF_900984675.1	other	0.5	4
GCF_900984725.1	focal	0.333333333333333	3
GCF_900984765.1	other	0.222222222222222	9
GCF_900984785.1	focal	0.571428571428571	7
GCF_900984805.1	other	0.75	4
GCF_900984825.1	other	0.2	5
GCF_900984885.1	other	0.571428571428571	7
GCF_900984905.1	focal	0	10
GCF_900984935.1	focal	0.5	4
GCF_900984955.1	focal	0.272727272727273	11
GCF_900984965.1	other	1	5
GCF_900984985.1	focal	0.7	10
GCF_900985035.1	other	0.5	2
GCF_900985055.1	focal	1	2
GCF_900985085.1	focal	0	5
GCF_900985105.1	other	0.25	8
GCF_900985135.1	focal	0.7	10
GCF_900985145.1	focal	0	4
GCF_900985155.1	focal	0.444444444444444	9
GCF_900985175.1	focal	0	6
GCF_900985195.1	other	0.125	8
GCF_900985215.1	other	0.4	5
GCF_900985245.1	focal	1	1
GCF_900985265.1	other	0.875	8
GCF_900985275.1	other	0.8	5
GCF_900985295.1	other	0.571428571428571	7
GCF_900985305.1	other	0.5	4
GCF_900985315.1	focal	0.4	5
GCF_900985335.1	other	0.4	5
GCF_900985355.1	other	0	1
GCF_900985365.1	other	0	5
GCF_900985595.1	focal	0.333333333333333	3
GCF_900986065.1	focal	0	1
GCF_900986195.1	focal	0.166666666666667	6
GCF_900986205.1	focal	0	3
GCF_900987585.1	focal	0.2	5
GCF_900987645.1	other	0.5	4
GCF_900988295.1	focal	1	1
GCF_900988315.1	other	0.5	6
GCF_900988425.1	focal	1	3
GCF_900988755.1	focal	0	2
GCF_900988965.1	focal	0	1
GCF_900989105.1	focal	0.5	2
GCF_900989725.1	focal	0	3
GCF_900989835.1	focal	0.25	4
GCF_900990215.1	focal	0.5	4
GCF_900990285.1	focal	0	1
GCF_900990915.1	focal	0.714285714285714	7
GCF_900990985.1	other	0	1
GCF_900991005.1	other	0	2
GCF_900991015.1	other	0	2
GCF_900991025.1	other	0	2
GCF_900991035.1	other	0	2
GCF_900991045.1	other	0	2
GCF_900991055.1	other	0	1
GCF_900991355.1	focal	0.333333333333333	3
GCF_900991805.1	focal	0	3
GCF_900991935.1	other	0.555555555555556	9
GCF_900992105.1	focal	0	2
GCF_900992155.1	focal	0.333333333333333	6
GCF_900992345.1	focal	0.2	5
GCF_900992355.1	focal	0.5	4
GCF_900992665.1	focal	1	2
GCF_900993445.1	focal	0.333333333333333	6
GCF_900993495.1	other	0.181818181818182	11
GCF_900993505.1	other	0.333333333333333	3
GCF_900993515.1	other	0.444444444444444	9
GCF_900993535.1	focal	0	4
GCF_900993545.1	focal	1	3
GCF_900993575.1	other	0	6
GCF_900993595.1	focal	0.25	4
GCF_900993605.1	other	0.75	4
GCF_900993615.1	other	1	2
GCF_900993695.1	focal	0.7	10
GCF_900993705.1	focal	1	1
GCF_900993715.1	focal	0.5	4
GCF_900993745.1	focal	0	3
GCF_900993765.1	focal	0.6	5
GCF_900993775.1	other	1	1
GCF_900993795.1	other	1	4
GCF_900993815.1	focal	0	4
GCF_900993825.1	other	0.666666666666667	9
GCF_900993845.1	focal	1	3
GCF_900993855.1	focal	0.571428571428571	7
GCF_900993875.1	other	0.5	8
GCF_900993895.1	other	0.571428571428571	7
GCF_900993925.1	other	0	3
GCF_900993935.1	other	0.5	2
GCF_900993965.1	other	0.5	2
GCF_900993995.1	other	0.333333333333333	3
GCF_900994005.1	other	0.5	8
GCF_900994015.1	focal	0	3
GCF_900994045.1	focal	0.75	4
GCF_900994055.1	other	0.153846153846154	13
GCF_900994085.1	focal	0.2	5
GCF_900994095.1	other	0.5	4
GCF_900994105.1	other	0	2
GCF_900994115.1	other	0.181818181818182	11
GCF_900994145.1	focal	0	6
GCF_900994155.1	focal	0	2
GCF_900994215.1	other	0.181818181818182	11
GCF_900994235.1	other	0	8
GCF_900994245.1	focal	0.555555555555556	9
GCF_900994265.1	focal	1	2
GCF_900994295.1	focal	0.6	5
GCF_900994305.1	focal	0	1
GCF_900994345.1	other	0.666666666666667	3
GCF_900994385.1	other	0.6	5
GCF_900994395.1	other	0.5	2
GCF_900994425.1	focal	0.636363636363636	11
GCF_900994495.1	focal	0	4
GCF_900994505.1	other	0.8125	16
GCF_900994515.1	other	0.875	8
GCF_900994555.1	focal	1	4
GCF_900994565.1	focal	0	3
GCF_900994575.1	other	0.181818181818182	11
GCF_900994595.1	other	0.666666666666667	3
GCF_900994605.1	other	0.5	2
GCF_900994615.1	other	1	1
GCF_900994625.1	focal	0.363636363636364	11
GCF_900994645.1	focal	1	1
GCF_900994705.1	other	0.5	4
GCF_900994735.1	other	0.2	5
GCF_900994765.1	other	0.75	4
GCF_900994785.1	focal	0.333333333333333	9
GCF_900994805.1	other	0	6
GCF_900994835.1	other	0.166666666666667	12
GCF_900994855.1	focal	0.375	8
GCF_900994865.1	other	0.222222222222222	9
GCF_900994875.1	other	0.352941176470588	17
GCF_900994885.1	focal	0.4	10
GCF_900994915.1	other	0.352941176470588	17
GCF_900994925.1	other	0.2	5
GCF_900994975.1	other	0.5	4
GCF_900994995.1	other	0.2	5
GCF_900995005.1	other	0.181818181818182	11
GCF_900995045.1	focal	0	6
GCF_900995055.1	other	0.153846153846154	13
GCF_900995085.1	other	0	6
GCF_900995105.1	focal	0	6
GCF_900995125.1	focal	0.333333333333333	9
GCF_900995135.1	other	0.2	5
GCF_900995145.1	other	0.769230769230769	13
GCF_900995155.1	focal	0	6
GCF_900995165.1	focal	0	2
GCF_900995175.1	other	0.666666666666667	3
GCF_900995195.1	other	0.625	8
GCF_900995215.1	focal	0.333333333333333	9
GCF_900995225.1	focal	0	6
GCF_900995235.1	focal	0.444444444444444	9
GCF_900995245.1	other	0.8	5
GCF_900995255.1	focal	0.166666666666667	6
GCF_900995285.1	focal	1	3
GCF_900995305.1	focal	0.285714285714286	7
GCF_900995355.1	focal	0.5	6
GCF_900995375.1	other	0.5	2
GCF_900995395.1	focal	0	2
GCF_900995425.1	other	0.75	4
GCF_900995435.1	other	0	2
GCF_900995445.1	other	0	1
GCF_900995525.1	focal	0.636363636363636	11
GCF_900995655.1	other	0	1
GCF_900995685.1	other	0.25	4
GCF_900995725.1	focal	0.333333333333333	3
GCF_900995755.1	focal	0.333333333333333	3
GCF_900995765.1	other	0	1
GCF_900995795.1	other	0	1
GCF_900995805.1	other	0	1
GCF_900995815.1	focal	1	1
GCF_900995825.1	focal	0.5	4
GCF_900995845.1	focal	1	1
GCF_900995855.1	focal	0.4	5
GCF_900995865.1	focal	1	1
GCF_900995875.1	focal	0.666666666666667	3
GCF_900995895.1	focal	0.666666666666667	3
GCF_900995905.1	focal	0.5	4
GCF_901472475.1	other	0.419354838709677	62
GCF_901482645.1	other	0.916666666666667	24
GCF_965137295.1	other	0.4	5
